"X1","X2","X7"
"15S_rRNA",1,0.906890595609
"15S_rRNA",2,0
"15S_rRNA",3,0
"15S_rRNA",4,0
"15S_rRNA",5,0
"15S_rRNA",6,0
"15S_rRNA",7,0
"15S_rRNA",8,0
"15S_rRNA",9,0
"15S_rRNA",10,0
"15S_rRNA",11,0
"15S_rRNA",12,2
"15S_rRNA",13,0
"15S_rRNA",14,0
"15S_rRNA",15,0
"15S_rRNA",16,0
"15S_rRNA",17,0
"15S_rRNA",18,0
"15S_rRNA",19,0
"15S_rRNA",20,0
"15S_rRNA",21,0
"15S_rRNA",22,0
"15S_rRNA",23,0
"15S_rRNA",24,0
"15S_rRNA",25,0
"15S_rRNA",26,0
"15S_rRNA",27,0
"15S_rRNA",28,0
"15S_rRNA",29,0
"15S_rRNA",30,1.80735492206
"15S_rRNA",31,0
"15S_rRNA",32,0
"15S_rRNA",33,0
"15S_rRNA",34,0
"15S_rRNA",35,0
"15S_rRNA",36,0
"15S_rRNA",37,0
"15S_rRNA",38,0
"15S_rRNA",39,0
"15S_rRNA",40,0
"15S_rRNA",41,0
"15S_rRNA",42,0
"15S_rRNA",43,0
"15S_rRNA",44,0
"15S_rRNA",45,0
"15S_rRNA",46,0
"15S_rRNA",47,0
"15S_rRNA",48,0
"15S_rRNA",49,0
"15S_rRNA",50,0
"15S_rRNA",51,0
"15S_rRNA",52,0
"15S_rRNA",53,0
"15S_rRNA",54,0
"15S_rRNA",55,0
"15S_rRNA",56,0
"15S_rRNA",57,0
"15S_rRNA",58,0
"15S_rRNA",59,0
"15S_rRNA",60,0
"15S_rRNA",61,0
"15S_rRNA",62,0
"15S_rRNA",63,0
"15S_rRNA",64,0
"15S_rRNA",65,0
"15S_rRNA",66,0
"15S_rRNA",67,0
"15S_rRNA",68,0
"15S_rRNA",69,0
"15S_rRNA",70,0
"15S_rRNA",71,0
"15S_rRNA",72,0
"15S_rRNA",73,0
"15S_rRNA",74,0
"15S_rRNA",75,0
"15S_rRNA",76,0
"15S_rRNA",77,0
"15S_rRNA",78,0
"15S_rRNA",79,0
"15S_rRNA",80,0
"15S_rRNA",81,0
"15S_rRNA",82,0
"15S_rRNA",83,0
"15S_rRNA",84,0
"15S_rRNA",85,0
"15S_rRNA",86,0
"15S_rRNA",87,0
"15S_rRNA",88,0
"15S_rRNA",89,0
"15S_rRNA",90,0
"15S_rRNA",91,0
"15S_rRNA",92,0
"15S_rRNA",93,0
"15S_rRNA",94,0
"15S_rRNA",95,0
"15S_rRNA",96,0
"15S_rRNA",97,0
"15S_rRNA",98,0
"15S_rRNA",99,0
"15S_rRNA",100,0
"15S_rRNA",101,0
"15S_rRNA",102,0
"15S_rRNA",103,0
"15S_rRNA",104,0
"15S_rRNA",105,0
"15S_rRNA",106,0
"15S_rRNA",107,0
"15S_rRNA",108,0
"15S_rRNA",109,0
"15S_rRNA",110,1
"15S_rRNA",111,0
"15S_rRNA",112,0
"15S_rRNA",113,0
"15S_rRNA",114,0
"15S_rRNA",115,0
"15S_rRNA",116,0
"15S_rRNA",117,0
"15S_rRNA",118,0
"15S_rRNA",119,0
"15S_rRNA",120,0
"15S_rRNA",121,0
"15S_rRNA",122,0
"15S_rRNA",123,0
"15S_rRNA",124,0
"15S_rRNA",125,0
"15S_rRNA",126,0
"15S_rRNA",127,0
"15S_rRNA",128,0
"15S_rRNA",129,0
"15S_rRNA",130,0
"15S_rRNA",131,0
"15S_rRNA",132,0
"15S_rRNA",133,0
"15S_rRNA",134,0
"15S_rRNA",135,0
"15S_rRNA",136,0
"15S_rRNA",137,0
"15S_rRNA",138,0
"15S_rRNA",139,0
"15S_rRNA",140,0
"15S_rRNA",141,0
"15S_rRNA",142,2
"15S_rRNA",143,0
"15S_rRNA",144,0
"15S_rRNA",145,0
"15S_rRNA",146,0
"15S_rRNA",147,0
"15S_rRNA",148,0
"15S_rRNA",149,0
"15S_rRNA",150,0
"15S_rRNA",151,0
"15S_rRNA",152,0
"15S_rRNA",153,0
"15S_rRNA",154,0
"15S_rRNA",155,0
"15S_rRNA",156,0
"15S_rRNA",157,0
"15S_rRNA",158,0
"15S_rRNA",159,0
"15S_rRNA",160,0
"15S_rRNA",161,0
"15S_rRNA",162,0
"15S_rRNA",163,0
"15S_rRNA",164,0
"15S_rRNA",165,0
"15S_rRNA",166,0
"15S_rRNA",167,0
"15S_rRNA",168,0
"15S_rRNA",169,0
"15S_rRNA",170,0
"15S_rRNA",171,0
"15S_rRNA",172,0
"15S_rRNA",173,0
"15S_rRNA",174,0
"15S_rRNA",175,0
"15S_rRNA",176,0
"15S_rRNA",177,0
"15S_rRNA",178,0
"15S_rRNA",179,0
"15S_rRNA",180,0
"15S_rRNA",181,0
"15S_rRNA",182,0
"15S_rRNA",183,0
"15S_rRNA",184,0
"15S_rRNA",185,0
"15S_rRNA",186,0
"15S_rRNA",187,0
"15S_rRNA",188,0
"15S_rRNA",189,0
"15S_rRNA",190,0
"15S_rRNA",191,0
"15S_rRNA",192,0
"15S_rRNA",193,0
"15S_rRNA",194,0
"15S_rRNA",195,0
"15S_rRNA",196,0
"15S_rRNA",197,0
"15S_rRNA",198,0
"15S_rRNA",199,0
"15S_rRNA",200,0
"15S_rRNA",201,0
"15S_rRNA",202,0
"15S_rRNA",203,0
"15S_rRNA",204,0
"15S_rRNA",205,0
"15S_rRNA",206,0
"15S_rRNA",207,0
"15S_rRNA",208,0
"15S_rRNA",209,0
"15S_rRNA",210,0
"15S_rRNA",211,0
"15S_rRNA",212,0
"15S_rRNA",213,0
"15S_rRNA",214,0
"15S_rRNA",215,0
"15S_rRNA",216,0
"15S_rRNA",217,0
"15S_rRNA",218,0
"15S_rRNA",219,0
"15S_rRNA",220,1
"15S_rRNA",221,0
"15S_rRNA",222,0
"15S_rRNA",223,1
"15S_rRNA",224,0
"15S_rRNA",225,0
"15S_rRNA",226,0
"15S_rRNA",227,0
"15S_rRNA",228,0
"15S_rRNA",229,0
"15S_rRNA",230,0
"15S_rRNA",231,0
"15S_rRNA",232,0
"15S_rRNA",233,0
"15S_rRNA",234,0
"15S_rRNA",235,0
"15S_rRNA",236,0
"15S_rRNA",237,0
"15S_rRNA",238,0
"15S_rRNA",239,2
"15S_rRNA",240,0
"15S_rRNA",241,0
"15S_rRNA",242,0
"15S_rRNA",243,0
"15S_rRNA",244,0
"15S_rRNA",245,0
"15S_rRNA",246,0
"15S_rRNA",247,0
"15S_rRNA",248,0
"15S_rRNA",249,0
"15S_rRNA",250,0
"15S_rRNA",251,0
"15S_rRNA",252,0
"15S_rRNA",253,0
"15S_rRNA",254,0
"15S_rRNA",255,0
"15S_rRNA",256,0
"15S_rRNA",257,0
"15S_rRNA",258,0
"15S_rRNA",259,0
"15S_rRNA",260,0
"15S_rRNA",261,0
"15S_rRNA",262,0
"15S_rRNA",263,0
"15S_rRNA",264,0
"15S_rRNA",265,0
"15S_rRNA",266,0
"15S_rRNA",267,0
"15S_rRNA",268,0
"15S_rRNA",269,0
"15S_rRNA",270,1.58496250072
"15S_rRNA",271,0
"15S_rRNA",272,0
"15S_rRNA",273,0
"15S_rRNA",274,0
"15S_rRNA",275,0
"15S_rRNA",276,0
"15S_rRNA",277,0
"15S_rRNA",278,0
"15S_rRNA",279,0
"15S_rRNA",280,0
"15S_rRNA",281,0
"15S_rRNA",282,0
"15S_rRNA",283,2
"15S_rRNA",284,0
"15S_rRNA",285,0
"15S_rRNA",286,0
"15S_rRNA",287,0
"15S_rRNA",288,0
"15S_rRNA",289,0
"15S_rRNA",290,0
"15S_rRNA",291,0
"15S_rRNA",292,0
"15S_rRNA",293,0
"15S_rRNA",294,0
"15S_rRNA",295,0
"15S_rRNA",296,0
"15S_rRNA",297,0
"15S_rRNA",298,0
"15S_rRNA",299,0
"15S_rRNA",300,0
"15S_rRNA",301,0
"15S_rRNA",302,0
"15S_rRNA",303,0
"15S_rRNA",304,0
"15S_rRNA",305,0
"15S_rRNA",306,0
"15S_rRNA",307,0
"15S_rRNA",308,0
"15S_rRNA",309,0
"15S_rRNA",310,0
"15S_rRNA",311,0
"15S_rRNA",312,0
"15S_rRNA",313,0
"15S_rRNA",314,0
"15S_rRNA",315,0
"15S_rRNA",316,0
"15S_rRNA",317,0
"15S_rRNA",318,0
"15S_rRNA",319,0
"15S_rRNA",320,0
"15S_rRNA",321,0
"15S_rRNA",322,0
"15S_rRNA",323,0
"15S_rRNA",324,0
"15S_rRNA",325,0
"15S_rRNA",326,0
"15S_rRNA",327,0
"15S_rRNA",328,0
"15S_rRNA",329,0
"15S_rRNA",330,0
"15S_rRNA",331,0
"15S_rRNA",332,0
"15S_rRNA",333,0
"15S_rRNA",334,0
"15S_rRNA",335,0
"15S_rRNA",336,0
"15S_rRNA",337,0
"15S_rRNA",338,0
"15S_rRNA",339,0
"15S_rRNA",340,0
"15S_rRNA",341,0
"15S_rRNA",342,0
"15S_rRNA",343,0
"15S_rRNA",344,0
"15S_rRNA",345,0
"15S_rRNA",346,0
"15S_rRNA",347,0
"15S_rRNA",348,0
"15S_rRNA",349,0
"15S_rRNA",350,0
"15S_rRNA",351,0
"15S_rRNA",352,0
"15S_rRNA",353,0
"15S_rRNA",354,0
"15S_rRNA",355,0
"15S_rRNA",356,0
"15S_rRNA",357,0
"15S_rRNA",358,0
"15S_rRNA",359,0
"15S_rRNA",360,0
"15S_rRNA",361,0
"15S_rRNA",362,0
"15S_rRNA",363,0
"15S_rRNA",364,0
"15S_rRNA",365,0
"15S_rRNA",366,0
"15S_rRNA",367,0
"15S_rRNA",368,0
"15S_rRNA",369,0
"15S_rRNA",370,0
"15S_rRNA",371,0
"15S_rRNA",372,0
"15S_rRNA",373,0
"15S_rRNA",374,0
"15S_rRNA",375,0
"15S_rRNA",376,0
"15S_rRNA",377,0
"15S_rRNA",378,0
"15S_rRNA",379,0
"15S_rRNA",380,0
"15S_rRNA",381,0
"15S_rRNA",382,0
"15S_rRNA",383,0
"15S_rRNA",384,0
"15S_rRNA",385,0
"15S_rRNA",386,0
"15S_rRNA",387,0
"15S_rRNA",388,0
"15S_rRNA",389,0
"15S_rRNA",390,0
"15S_rRNA",391,0
"15S_rRNA",392,0
"15S_rRNA",393,0
"15S_rRNA",394,0
"15S_rRNA",395,0
"15S_rRNA",396,0
"15S_rRNA",397,0
"15S_rRNA",398,0
"15S_rRNA",399,0
"15S_rRNA",400,0
"15S_rRNA",401,0
"15S_rRNA",402,0
"15S_rRNA",403,0
"15S_rRNA",404,0
"15S_rRNA",405,0
"15S_rRNA",406,0
"15S_rRNA",407,0
"15S_rRNA",408,0
"15S_rRNA",409,0
"15S_rRNA",410,0
"15S_rRNA",411,0
"15S_rRNA",412,0
"15S_rRNA",413,0
"15S_rRNA",414,0
"15S_rRNA",415,0
"15S_rRNA",416,0
"15S_rRNA",417,0
"15S_rRNA",418,0
"15S_rRNA",419,0
"15S_rRNA",420,0
"15S_rRNA",421,0
"15S_rRNA",422,0
"15S_rRNA",423,0
"15S_rRNA",424,0
"15S_rRNA",425,0
"15S_rRNA",426,0
"15S_rRNA",427,0
"15S_rRNA",428,0
"15S_rRNA",429,0
"15S_rRNA",430,0
"15S_rRNA",431,0
"15S_rRNA",432,0
"15S_rRNA",433,0
"15S_rRNA",434,0
"15S_rRNA",435,0
"15S_rRNA",436,0
"15S_rRNA",437,0
"15S_rRNA",438,0
"15S_rRNA",439,0
"15S_rRNA",440,0
"15S_rRNA",441,0
"15S_rRNA",442,0
"15S_rRNA",443,0
"15S_rRNA",444,0
"15S_rRNA",445,0
"15S_rRNA",446,0
"15S_rRNA",447,0
"15S_rRNA",448,0
"15S_rRNA",449,0
"15S_rRNA",450,0
"15S_rRNA",451,0
"15S_rRNA",452,0
"15S_rRNA",453,0
"15S_rRNA",454,0
"15S_rRNA",455,0
"15S_rRNA",456,0
"15S_rRNA",457,0
"15S_rRNA",458,0
"15S_rRNA",459,0
"15S_rRNA",460,0
"15S_rRNA",461,0
"15S_rRNA",462,0
"15S_rRNA",463,0
"15S_rRNA",464,0
"15S_rRNA",465,0
"15S_rRNA",466,0
"15S_rRNA",467,0
"15S_rRNA",468,0
"15S_rRNA",469,0
"15S_rRNA",470,0
"15S_rRNA",471,0
"15S_rRNA",472,0
"15S_rRNA",473,0
"15S_rRNA",474,0
"15S_rRNA",475,0
"15S_rRNA",476,0
"15S_rRNA",477,0
"15S_rRNA",478,0
"15S_rRNA",479,0
"15S_rRNA",480,0
"15S_rRNA",481,0
"15S_rRNA",482,0
"15S_rRNA",483,0
"15S_rRNA",484,0
"15S_rRNA",485,0
"15S_rRNA",486,0
"15S_rRNA",487,0
"15S_rRNA",488,0
"15S_rRNA",489,0
"15S_rRNA",490,0
"15S_rRNA",491,0
"15S_rRNA",492,0
"15S_rRNA",493,0
"15S_rRNA",494,0
"15S_rRNA",495,0
"15S_rRNA",496,0
"15S_rRNA",497,0
"15S_rRNA",498,0
"15S_rRNA",499,0
"15S_rRNA",500,0
"15S_rRNA",501,0
"15S_rRNA",502,0
"15S_rRNA",503,0
"15S_rRNA",504,0
"15S_rRNA",505,0
"15S_rRNA",506,0
"15S_rRNA",507,0
"15S_rRNA",508,0
"15S_rRNA",509,0
"15S_rRNA",510,0
"15S_rRNA",511,0
"15S_rRNA",512,0
"15S_rRNA",513,0
"15S_rRNA",514,0
"15S_rRNA",515,0
"15S_rRNA",516,0
"15S_rRNA",517,0
"15S_rRNA",518,0
"15S_rRNA",519,0
"15S_rRNA",520,0
"15S_rRNA",521,0
"15S_rRNA",522,0
"15S_rRNA",523,0
"15S_rRNA",524,0
"15S_rRNA",525,0
"15S_rRNA",526,0
"15S_rRNA",527,0
"15S_rRNA",528,0
"15S_rRNA",529,0
"15S_rRNA",530,0
"15S_rRNA",531,0
"15S_rRNA",532,0
"15S_rRNA",533,0
"15S_rRNA",534,0
"15S_rRNA",535,0
"15S_rRNA",536,0
"15S_rRNA",537,0
"15S_rRNA",538,0
"15S_rRNA",539,0
"15S_rRNA",540,0
"15S_rRNA",541,0
"15S_rRNA",542,0
"15S_rRNA",543,0
"15S_rRNA",544,0
"15S_rRNA",545,0
"15S_rRNA",546,0
"15S_rRNA",547,0
"15S_rRNA",548,0
"15S_rRNA",549,0
"15S_rRNA",550,0
"15S_rRNA",551,0
"15S_rRNA",552,0
"15S_rRNA",553,0
"15S_rRNA",554,0
"15S_rRNA",555,0
"15S_rRNA",556,0
"15S_rRNA",557,0
"15S_rRNA",558,0
"15S_rRNA",559,0
"15S_rRNA",560,0
"15S_rRNA",561,0
"15S_rRNA",562,0
"15S_rRNA",563,0
"15S_rRNA",564,0
"15S_rRNA",565,0
"15S_rRNA",566,0
"15S_rRNA",567,0
"15S_rRNA",568,0
"15S_rRNA",569,0
"15S_rRNA",570,0
"15S_rRNA",571,0
"15S_rRNA",572,0
"15S_rRNA",573,0
"15S_rRNA",574,0
"15S_rRNA",575,0
"15S_rRNA",576,0
"15S_rRNA",577,0
"15S_rRNA",578,0
"15S_rRNA",579,0
"15S_rRNA",580,0
"15S_rRNA",581,0
"15S_rRNA",582,0
"15S_rRNA",583,0
"15S_rRNA",584,0
"15S_rRNA",585,0
"15S_rRNA",586,0
"15S_rRNA",587,0
"15S_rRNA",588,0
"15S_rRNA",589,0
"15S_rRNA",590,0
"15S_rRNA",591,0
"15S_rRNA",592,0
"15S_rRNA",593,0
"15S_rRNA",594,0
"15S_rRNA",595,0
"15S_rRNA",596,0
"15S_rRNA",597,0
"15S_rRNA",598,0
"15S_rRNA",599,0
"15S_rRNA",600,0
"15S_rRNA",601,0
"15S_rRNA",602,0
"15S_rRNA",603,0
"15S_rRNA",604,0
"15S_rRNA",605,0
"15S_rRNA",606,0
"15S_rRNA",607,0.584962500721
"15S_rRNA",608,0
"15S_rRNA",609,1.32192809489
"15S_rRNA",610,0
"15S_rRNA",611,0
"15S_rRNA",612,0
"15S_rRNA",613,1.80735492206
"15S_rRNA",614,0
"15S_rRNA",615,0
"15S_rRNA",616,0
"15S_rRNA",617,0
"15S_rRNA",618,0
"15S_rRNA",619,0
"15S_rRNA",620,0
"15S_rRNA",621,0
"15S_rRNA",622,0
"15S_rRNA",623,0
"15S_rRNA",624,1
"15S_rRNA",625,0
"15S_rRNA",626,0
"15S_rRNA",627,0
"15S_rRNA",628,0
"15S_rRNA",629,0
"15S_rRNA",630,0
"15S_rRNA",631,0
"15S_rRNA",632,0
"15S_rRNA",633,0
"15S_rRNA",634,0
"15S_rRNA",635,0
"15S_rRNA",636,0
"15S_rRNA",637,0
"15S_rRNA",638,3.58496250072
"15S_rRNA",639,0
"15S_rRNA",640,0
"15S_rRNA",641,0
"15S_rRNA",642,0
"15S_rRNA",643,0
"15S_rRNA",644,0
"15S_rRNA",645,0
"15S_rRNA",646,0
"15S_rRNA",647,0
"15S_rRNA",648,0
"15S_rRNA",649,0
"15S_rRNA",650,0
"15S_rRNA",651,0
"15S_rRNA",652,0
"15S_rRNA",653,0
"15S_rRNA",654,0
"15S_rRNA",655,0
"15S_rRNA",656,0
"15S_rRNA",657,0
"15S_rRNA",658,0
"15S_rRNA",659,0
"15S_rRNA",660,0
"15S_rRNA",661,0
"15S_rRNA",662,0
"15S_rRNA",663,0
"15S_rRNA",664,0
"15S_rRNA",665,0
"15S_rRNA",666,0
"15S_rRNA",667,0
"15S_rRNA",668,0
"15S_rRNA",669,0
"15S_rRNA",670,2.70043971814
"15S_rRNA",671,0
"15S_rRNA",672,0
"15S_rRNA",673,0
"15S_rRNA",674,0
"15S_rRNA",675,0
"15S_rRNA",676,0
"15S_rRNA",677,0
"15S_rRNA",678,0
"15S_rRNA",679,0
"15S_rRNA",680,0
"15S_rRNA",681,0
"15S_rRNA",682,0
"15S_rRNA",683,0
"15S_rRNA",684,0
"15S_rRNA",685,0
"15S_rRNA",686,0
"15S_rRNA",687,0
"15S_rRNA",688,0
"15S_rRNA",689,0
"15S_rRNA",690,0
"15S_rRNA",691,0
"15S_rRNA",692,0
"15S_rRNA",693,0
"15S_rRNA",694,0
"15S_rRNA",695,0
"15S_rRNA",696,0
"15S_rRNA",697,0
"15S_rRNA",698,0
"15S_rRNA",699,0
"15S_rRNA",700,0
"15S_rRNA",701,0
"15S_rRNA",702,0
"15S_rRNA",703,0
"15S_rRNA",704,0
"15S_rRNA",705,0
"15S_rRNA",706,0
"15S_rRNA",707,0
"15S_rRNA",708,0
"15S_rRNA",709,0
"15S_rRNA",710,0
"15S_rRNA",711,0
"15S_rRNA",712,0
"15S_rRNA",713,0
"15S_rRNA",714,0
"15S_rRNA",715,0
"15S_rRNA",716,0
"15S_rRNA",717,0
"15S_rRNA",718,0
"15S_rRNA",719,0
"15S_rRNA",720,0
"15S_rRNA",721,0
"15S_rRNA",722,0
"15S_rRNA",723,0
"15S_rRNA",724,0
"15S_rRNA",725,0
"15S_rRNA",726,0
"15S_rRNA",727,0
"15S_rRNA",728,0
"15S_rRNA",729,0
"15S_rRNA",730,0
"15S_rRNA",731,0
"15S_rRNA",732,0
"15S_rRNA",733,0
"15S_rRNA",734,0
"15S_rRNA",735,0
"15S_rRNA",736,0
"15S_rRNA",737,0
"15S_rRNA",738,0
"15S_rRNA",739,0
"15S_rRNA",740,0
"15S_rRNA",741,0
"15S_rRNA",742,0
"15S_rRNA",743,0
"15S_rRNA",744,0
"15S_rRNA",745,0
"15S_rRNA",746,0
"15S_rRNA",747,0
"15S_rRNA",748,0
"15S_rRNA",749,0
"15S_rRNA",750,0
"15S_rRNA",751,0
"15S_rRNA",752,0
"15S_rRNA",753,0
"15S_rRNA",754,0
"15S_rRNA",755,0
"15S_rRNA",756,0
"15S_rRNA",757,0
"15S_rRNA",758,0
"15S_rRNA",759,0
"15S_rRNA",760,0
"15S_rRNA",761,0
"15S_rRNA",762,0
"15S_rRNA",763,0
"15S_rRNA",764,0
"15S_rRNA",765,0
"15S_rRNA",766,0
"15S_rRNA",767,0
"15S_rRNA",768,0
"15S_rRNA",769,0
"15S_rRNA",770,0
"15S_rRNA",771,0
"15S_rRNA",772,0
"15S_rRNA",773,0
"15S_rRNA",774,0
"15S_rRNA",775,0
"15S_rRNA",776,0
"15S_rRNA",777,0
"15S_rRNA",778,0
"15S_rRNA",779,0
"15S_rRNA",780,0
"15S_rRNA",781,0
"15S_rRNA",782,0
"15S_rRNA",783,0
"15S_rRNA",784,0
"15S_rRNA",785,0
"15S_rRNA",786,0
"15S_rRNA",787,0
"15S_rRNA",788,0
"15S_rRNA",789,0
"15S_rRNA",790,0
"15S_rRNA",791,0
"15S_rRNA",792,0
"15S_rRNA",793,0
"15S_rRNA",794,0
"15S_rRNA",795,0
"15S_rRNA",796,0
"15S_rRNA",797,0
"15S_rRNA",798,0
"15S_rRNA",799,0
"15S_rRNA",800,0
"15S_rRNA",801,0
"15S_rRNA",802,0
"15S_rRNA",803,0
"15S_rRNA",804,0
"15S_rRNA",805,0
"15S_rRNA",806,0
"15S_rRNA",807,2
"15S_rRNA",808,0
"15S_rRNA",809,0
"15S_rRNA",810,0
"15S_rRNA",811,0
"15S_rRNA",812,0
"15S_rRNA",813,0
"15S_rRNA",814,0
"15S_rRNA",815,0
"15S_rRNA",816,0
"15S_rRNA",817,0
"15S_rRNA",818,0
"15S_rRNA",819,0.415037499279
"15S_rRNA",820,0
"15S_rRNA",821,0
"15S_rRNA",822,0
"15S_rRNA",823,0
"15S_rRNA",824,0
"15S_rRNA",825,0
"15S_rRNA",826,0
"15S_rRNA",827,0
"15S_rRNA",828,0
"15S_rRNA",829,0
"15S_rRNA",830,0
"15S_rRNA",831,0
"15S_rRNA",832,0
"15S_rRNA",833,0
"15S_rRNA",834,0
"15S_rRNA",835,0
"15S_rRNA",836,0
"15S_rRNA",837,0
"15S_rRNA",838,0
"15S_rRNA",839,0
"15S_rRNA",840,0
"15S_rRNA",841,0
"15S_rRNA",842,0
"15S_rRNA",843,0
"15S_rRNA",844,0
"15S_rRNA",845,0
"15S_rRNA",846,0
"15S_rRNA",847,3.54432051622
"15S_rRNA",848,0
"15S_rRNA",849,0
"15S_rRNA",850,0
"15S_rRNA",851,0
"15S_rRNA",852,0
"15S_rRNA",853,0
"15S_rRNA",854,0
"15S_rRNA",855,0
"15S_rRNA",856,0
"15S_rRNA",857,0
"15S_rRNA",858,1
"15S_rRNA",859,0
"15S_rRNA",860,0
"15S_rRNA",861,0
"15S_rRNA",862,0
"15S_rRNA",863,0
"15S_rRNA",864,0
"15S_rRNA",865,0
"15S_rRNA",866,0
"15S_rRNA",867,0
"15S_rRNA",868,0
"15S_rRNA",869,0
"15S_rRNA",870,0
"15S_rRNA",871,0
"15S_rRNA",872,0
"15S_rRNA",873,0
"15S_rRNA",874,0
"15S_rRNA",875,0
"15S_rRNA",876,0
"15S_rRNA",877,0
"15S_rRNA",878,0
"15S_rRNA",879,0
"15S_rRNA",880,0
"15S_rRNA",881,0
"15S_rRNA",882,0
"15S_rRNA",883,0
"15S_rRNA",884,0
"15S_rRNA",885,0
"15S_rRNA",886,0
"15S_rRNA",887,0
"15S_rRNA",888,0
"15S_rRNA",889,0
"15S_rRNA",890,0
"15S_rRNA",891,0
"15S_rRNA",892,0
"15S_rRNA",893,0
"15S_rRNA",894,0
"15S_rRNA",895,0
"15S_rRNA",896,0
"15S_rRNA",897,0
"15S_rRNA",898,0
"15S_rRNA",899,0
"15S_rRNA",900,0
"15S_rRNA",901,0
"15S_rRNA",902,0
"15S_rRNA",903,0
"15S_rRNA",904,0
"15S_rRNA",905,0
"15S_rRNA",906,0
"15S_rRNA",907,0
"15S_rRNA",908,0
"15S_rRNA",909,0
"15S_rRNA",910,0
"15S_rRNA",911,0
"15S_rRNA",912,0
"15S_rRNA",913,0
"15S_rRNA",914,0
"15S_rRNA",915,0
"15S_rRNA",916,0
"15S_rRNA",917,0
"15S_rRNA",918,0
"15S_rRNA",919,0
"15S_rRNA",920,0
"15S_rRNA",921,0
"15S_rRNA",922,0
"15S_rRNA",923,1
"15S_rRNA",924,0
"15S_rRNA",925,0
"15S_rRNA",926,0
"15S_rRNA",927,0
"15S_rRNA",928,0
"15S_rRNA",929,0
"15S_rRNA",930,0
"15S_rRNA",931,0
"15S_rRNA",932,0
"15S_rRNA",933,0
"15S_rRNA",934,0
"15S_rRNA",935,0
"15S_rRNA",936,0
"15S_rRNA",937,0
"15S_rRNA",938,0
"15S_rRNA",939,0
"15S_rRNA",940,0
"15S_rRNA",941,0
"15S_rRNA",942,0
"15S_rRNA",943,0
"15S_rRNA",944,0
"15S_rRNA",945,0
"15S_rRNA",946,0
"15S_rRNA",947,0
"15S_rRNA",948,0
"15S_rRNA",949,0
"15S_rRNA",950,0
"15S_rRNA",951,0
"15S_rRNA",952,0
"15S_rRNA",953,0
"15S_rRNA",954,0
"15S_rRNA",955,0
"15S_rRNA",956,0
"15S_rRNA",957,0
"15S_rRNA",958,0
"15S_rRNA",959,0
"15S_rRNA",960,0
"15S_rRNA",961,0
"15S_rRNA",962,0
"15S_rRNA",963,0
"15S_rRNA",964,0
"15S_rRNA",965,2.80735492206
"15S_rRNA",966,0
"15S_rRNA",967,0
"15S_rRNA",968,0
"15S_rRNA",969,0
"15S_rRNA",970,0
"15S_rRNA",971,0
"15S_rRNA",972,0
"15S_rRNA",973,0
"15S_rRNA",974,0
"15S_rRNA",975,0
"15S_rRNA",976,0
"15S_rRNA",977,0
"15S_rRNA",978,0
"15S_rRNA",979,0
"15S_rRNA",980,0
"15S_rRNA",981,0
"15S_rRNA",982,0
"15S_rRNA",983,0
"15S_rRNA",984,0
"15S_rRNA",985,0
"15S_rRNA",986,0
"15S_rRNA",987,0
"15S_rRNA",988,0
"15S_rRNA",989,0
"15S_rRNA",990,0
"15S_rRNA",991,0
"15S_rRNA",992,0
"15S_rRNA",993,0
"15S_rRNA",994,0
"15S_rRNA",995,0
"15S_rRNA",996,0
"15S_rRNA",997,0
"15S_rRNA",998,0
"15S_rRNA",999,0
"15S_rRNA",1000,0
"15S_rRNA",1001,1
"15S_rRNA",1002,0
"15S_rRNA",1003,0
"15S_rRNA",1004,0
"15S_rRNA",1005,0
"15S_rRNA",1006,0
"15S_rRNA",1007,0
"15S_rRNA",1008,0
"15S_rRNA",1009,0
"15S_rRNA",1010,0
"15S_rRNA",1011,0
"15S_rRNA",1012,0
"15S_rRNA",1013,0
"15S_rRNA",1014,0
"15S_rRNA",1015,0
"15S_rRNA",1016,0
"15S_rRNA",1017,0
"15S_rRNA",1018,0
"15S_rRNA",1019,1.58496250072
"15S_rRNA",1020,0
"15S_rRNA",1021,0
"15S_rRNA",1022,0
"15S_rRNA",1023,0
"15S_rRNA",1024,0
"15S_rRNA",1025,1
"15S_rRNA",1026,0
"15S_rRNA",1027,0
"15S_rRNA",1028,1.58496250072
"15S_rRNA",1029,0
"15S_rRNA",1030,0
"15S_rRNA",1031,0
"15S_rRNA",1032,1.22239242134
"15S_rRNA",1033,0
"15S_rRNA",1034,0
"15S_rRNA",1035,1.80735492206
"15S_rRNA",1036,0
"15S_rRNA",1037,0
"15S_rRNA",1038,0
"15S_rRNA",1039,0
"15S_rRNA",1040,0
"15S_rRNA",1041,0
"15S_rRNA",1042,0
"15S_rRNA",1043,0
"15S_rRNA",1044,0
"15S_rRNA",1045,0
"15S_rRNA",1046,0
"15S_rRNA",1047,0
"15S_rRNA",1048,0
"15S_rRNA",1049,0
"15S_rRNA",1050,0
"15S_rRNA",1051,0
"15S_rRNA",1052,0
"15S_rRNA",1053,0
"15S_rRNA",1054,0
"15S_rRNA",1055,0
"15S_rRNA",1056,0
"15S_rRNA",1057,0
"15S_rRNA",1058,0
"15S_rRNA",1059,0
"15S_rRNA",1060,0
"15S_rRNA",1061,0
"15S_rRNA",1062,0
"15S_rRNA",1063,0
"15S_rRNA",1064,0
"15S_rRNA",1065,0
"15S_rRNA",1066,0
"15S_rRNA",1067,0
"15S_rRNA",1068,0
"15S_rRNA",1069,0
"15S_rRNA",1070,0
"15S_rRNA",1071,0
"15S_rRNA",1072,0
"15S_rRNA",1073,0
"15S_rRNA",1074,0
"15S_rRNA",1075,0
"15S_rRNA",1076,1.58496250072
"15S_rRNA",1077,0
"15S_rRNA",1078,0
"15S_rRNA",1079,0
"15S_rRNA",1080,0
"15S_rRNA",1081,0
"15S_rRNA",1082,0
"15S_rRNA",1083,0
"15S_rRNA",1084,0
"15S_rRNA",1085,0
"15S_rRNA",1086,0
"15S_rRNA",1087,0
"15S_rRNA",1088,0
"15S_rRNA",1089,0
"15S_rRNA",1090,0.48542682717
"15S_rRNA",1091,0
"15S_rRNA",1092,0
"15S_rRNA",1093,0
"15S_rRNA",1094,0
"15S_rRNA",1095,0
"15S_rRNA",1096,0
"15S_rRNA",1097,0
"15S_rRNA",1098,0
"15S_rRNA",1099,0
"15S_rRNA",1100,0
"15S_rRNA",1101,0
"15S_rRNA",1102,0
"15S_rRNA",1103,0
"15S_rRNA",1104,0
"15S_rRNA",1105,0
"15S_rRNA",1106,0
"15S_rRNA",1107,0
"15S_rRNA",1108,0
"15S_rRNA",1109,0
"15S_rRNA",1110,0
"15S_rRNA",1111,0
"15S_rRNA",1112,0
"15S_rRNA",1113,0
"15S_rRNA",1114,0
"15S_rRNA",1115,0
"15S_rRNA",1116,0
"15S_rRNA",1117,0
"15S_rRNA",1118,0
"15S_rRNA",1119,0
"15S_rRNA",1120,0
"15S_rRNA",1121,0
"15S_rRNA",1122,0
"15S_rRNA",1123,0
"15S_rRNA",1124,0
"15S_rRNA",1125,0
"15S_rRNA",1126,0
"15S_rRNA",1127,0
"15S_rRNA",1128,0
"15S_rRNA",1129,0
"15S_rRNA",1130,0
"15S_rRNA",1131,0
"15S_rRNA",1132,0
"15S_rRNA",1133,0
"15S_rRNA",1134,0
"15S_rRNA",1135,0
"15S_rRNA",1136,0
"15S_rRNA",1137,0
"15S_rRNA",1138,0
"15S_rRNA",1139,0
"15S_rRNA",1140,0
"15S_rRNA",1141,0
"15S_rRNA",1142,0
"15S_rRNA",1143,0
"15S_rRNA",1144,0
"15S_rRNA",1145,0
"15S_rRNA",1146,0
"15S_rRNA",1147,0
"15S_rRNA",1148,0
"15S_rRNA",1149,0
"15S_rRNA",1150,0
"15S_rRNA",1151,0
"15S_rRNA",1152,0
"15S_rRNA",1153,0
"15S_rRNA",1154,0
"15S_rRNA",1155,0
"15S_rRNA",1156,0
"15S_rRNA",1157,0
"15S_rRNA",1158,0
"15S_rRNA",1159,0
"15S_rRNA",1160,0
"15S_rRNA",1161,0
"15S_rRNA",1162,0
"15S_rRNA",1163,0
"15S_rRNA",1164,0
"15S_rRNA",1165,0
"15S_rRNA",1166,0
"15S_rRNA",1167,0
"15S_rRNA",1168,0
"15S_rRNA",1169,0
"15S_rRNA",1170,0
"15S_rRNA",1171,0
"15S_rRNA",1172,0
"15S_rRNA",1173,0
"15S_rRNA",1174,0
"15S_rRNA",1175,0
"15S_rRNA",1176,0
"15S_rRNA",1177,0
"15S_rRNA",1178,0
"15S_rRNA",1179,0
"15S_rRNA",1180,0
"15S_rRNA",1181,0
"15S_rRNA",1182,0
"15S_rRNA",1183,0
"15S_rRNA",1184,0
"15S_rRNA",1185,0
"15S_rRNA",1186,0
"15S_rRNA",1187,0
"15S_rRNA",1188,0
"15S_rRNA",1189,0
"15S_rRNA",1190,0
"15S_rRNA",1191,0
"15S_rRNA",1192,0
"15S_rRNA",1193,0
"15S_rRNA",1194,0
"15S_rRNA",1195,0
"15S_rRNA",1196,0
"15S_rRNA",1197,0
"15S_rRNA",1198,0
"15S_rRNA",1199,0
"15S_rRNA",1200,0
"15S_rRNA",1201,0
"15S_rRNA",1202,0
"15S_rRNA",1203,0
"15S_rRNA",1204,0
"15S_rRNA",1205,0
"15S_rRNA",1206,0
"15S_rRNA",1207,0
"15S_rRNA",1208,0
"15S_rRNA",1209,0
"15S_rRNA",1210,0
"15S_rRNA",1211,0
"15S_rRNA",1212,0
"15S_rRNA",1213,0
"15S_rRNA",1214,0
"15S_rRNA",1215,0
"15S_rRNA",1216,0
"15S_rRNA",1217,0
"15S_rRNA",1218,0
"15S_rRNA",1219,1
"15S_rRNA",1220,0
"15S_rRNA",1221,0
"15S_rRNA",1222,0
"15S_rRNA",1223,0
"15S_rRNA",1224,0
"15S_rRNA",1225,0
"15S_rRNA",1226,0
"15S_rRNA",1227,0
"15S_rRNA",1228,0
"15S_rRNA",1229,0
"15S_rRNA",1230,0
"15S_rRNA",1231,0
"15S_rRNA",1232,0
"15S_rRNA",1233,0
"15S_rRNA",1234,0
"15S_rRNA",1235,0
"15S_rRNA",1236,0
"15S_rRNA",1237,0
"15S_rRNA",1238,0
"15S_rRNA",1239,2.32192809489
"15S_rRNA",1240,0
"15S_rRNA",1241,0
"15S_rRNA",1242,0
"15S_rRNA",1243,0
"15S_rRNA",1244,0
"15S_rRNA",1245,0
"15S_rRNA",1246,0
"15S_rRNA",1247,0
"15S_rRNA",1248,0
"15S_rRNA",1249,0
"15S_rRNA",1250,0
"15S_rRNA",1251,0
"15S_rRNA",1252,0
"15S_rRNA",1253,0
"15S_rRNA",1254,0
"15S_rRNA",1255,0
"15S_rRNA",1256,2
"15S_rRNA",1257,0
"15S_rRNA",1258,0
"15S_rRNA",1259,0
"15S_rRNA",1260,0
"15S_rRNA",1261,0
"15S_rRNA",1262,0
"15S_rRNA",1263,0
"15S_rRNA",1264,0
"15S_rRNA",1265,0
"15S_rRNA",1266,0
"15S_rRNA",1267,0
"15S_rRNA",1268,0
"15S_rRNA",1269,0
"15S_rRNA",1270,0
"15S_rRNA",1271,0
"15S_rRNA",1272,0
"15S_rRNA",1273,0
"15S_rRNA",1274,0
"15S_rRNA",1275,0
"15S_rRNA",1276,0
"15S_rRNA",1277,0
"15S_rRNA",1278,0
"15S_rRNA",1279,0
"15S_rRNA",1280,0
"15S_rRNA",1281,0
"15S_rRNA",1282,0
"15S_rRNA",1283,0
"15S_rRNA",1284,0
"15S_rRNA",1285,0
"15S_rRNA",1286,0
"15S_rRNA",1287,0
"15S_rRNA",1288,0
"15S_rRNA",1289,0
"15S_rRNA",1290,0
"15S_rRNA",1291,0
"15S_rRNA",1292,0
"15S_rRNA",1293,0
"15S_rRNA",1294,0
"15S_rRNA",1295,0
"15S_rRNA",1296,0
"15S_rRNA",1297,0
"15S_rRNA",1298,0
"15S_rRNA",1299,0
"15S_rRNA",1300,0
"15S_rRNA",1301,0
"15S_rRNA",1302,0
"15S_rRNA",1303,0
"15S_rRNA",1304,0
"15S_rRNA",1305,0
"15S_rRNA",1306,0
"15S_rRNA",1307,0
"15S_rRNA",1308,0
"15S_rRNA",1309,0
"15S_rRNA",1310,0
"15S_rRNA",1311,0
"15S_rRNA",1312,0
"15S_rRNA",1313,0
"15S_rRNA",1314,0
"15S_rRNA",1315,0
"15S_rRNA",1316,0
"15S_rRNA",1317,0
"15S_rRNA",1318,0
"15S_rRNA",1319,0
"15S_rRNA",1320,0
"15S_rRNA",1321,0
"15S_rRNA",1322,0
"15S_rRNA",1323,0
"15S_rRNA",1324,0
"15S_rRNA",1325,0
"15S_rRNA",1326,0
"15S_rRNA",1327,0
"15S_rRNA",1328,0
"15S_rRNA",1329,0
"15S_rRNA",1330,0
"15S_rRNA",1331,0
"15S_rRNA",1332,0
"15S_rRNA",1333,0
"15S_rRNA",1334,0
"15S_rRNA",1335,0
"15S_rRNA",1336,0
"15S_rRNA",1337,0
"15S_rRNA",1338,0
"15S_rRNA",1339,0
"15S_rRNA",1340,0
"15S_rRNA",1341,0
"15S_rRNA",1342,0
"15S_rRNA",1343,0
"15S_rRNA",1344,0
"15S_rRNA",1345,0
"15S_rRNA",1346,0
"15S_rRNA",1347,0
"15S_rRNA",1348,0
"15S_rRNA",1349,0
"15S_rRNA",1350,0
"15S_rRNA",1351,0
"15S_rRNA",1352,0
"15S_rRNA",1353,0
"15S_rRNA",1354,0
"15S_rRNA",1355,0
"15S_rRNA",1356,0
"15S_rRNA",1357,0
"15S_rRNA",1358,0
"15S_rRNA",1359,0
"15S_rRNA",1360,0
"15S_rRNA",1361,0
"15S_rRNA",1362,0
"15S_rRNA",1363,0
"15S_rRNA",1364,0
"15S_rRNA",1365,0
"15S_rRNA",1366,0
"15S_rRNA",1367,0
"15S_rRNA",1368,0
"15S_rRNA",1369,0
"15S_rRNA",1370,0
"15S_rRNA",1371,0
"15S_rRNA",1372,0
"15S_rRNA",1373,0
"15S_rRNA",1374,0
"15S_rRNA",1375,0
"15S_rRNA",1376,0
"15S_rRNA",1377,0
"15S_rRNA",1378,0
"15S_rRNA",1379,0
"15S_rRNA",1380,0
"15S_rRNA",1381,0
"15S_rRNA",1382,0
"15S_rRNA",1383,0
"15S_rRNA",1384,0
"15S_rRNA",1385,0
"15S_rRNA",1386,0
"15S_rRNA",1387,0
"15S_rRNA",1388,0
"15S_rRNA",1389,0
"15S_rRNA",1390,0
"15S_rRNA",1391,0
"15S_rRNA",1392,0
"15S_rRNA",1393,0
"15S_rRNA",1394,0
"15S_rRNA",1395,0
"15S_rRNA",1396,0
"15S_rRNA",1397,0
"15S_rRNA",1398,0
"15S_rRNA",1399,0
"15S_rRNA",1400,0
"15S_rRNA",1401,0
"15S_rRNA",1402,0
"15S_rRNA",1403,1.58496250072
"15S_rRNA",1404,0
"15S_rRNA",1405,0
"15S_rRNA",1406,0
"15S_rRNA",1407,0
"15S_rRNA",1408,0
"15S_rRNA",1409,0
"15S_rRNA",1410,0
"15S_rRNA",1411,0
"15S_rRNA",1412,0
"15S_rRNA",1413,0
"15S_rRNA",1414,0
"15S_rRNA",1415,0
"15S_rRNA",1416,0
"15S_rRNA",1417,0
"15S_rRNA",1418,0
"15S_rRNA",1419,1
"15S_rRNA",1420,0
"15S_rRNA",1421,0
"15S_rRNA",1422,0
"15S_rRNA",1423,0
"15S_rRNA",1424,0
"15S_rRNA",1425,0
"15S_rRNA",1426,0
"15S_rRNA",1427,0
"15S_rRNA",1428,0
"15S_rRNA",1429,0
"15S_rRNA",1430,0
"15S_rRNA",1431,0
"15S_rRNA",1432,0
"15S_rRNA",1433,0
"15S_rRNA",1434,0
"15S_rRNA",1435,0
"15S_rRNA",1436,0
"15S_rRNA",1437,0
"15S_rRNA",1438,0
"15S_rRNA",1439,0
"15S_rRNA",1440,0
"15S_rRNA",1441,0
"15S_rRNA",1442,0
"15S_rRNA",1443,0
"15S_rRNA",1444,0
"15S_rRNA",1445,0
"15S_rRNA",1446,0
"15S_rRNA",1447,0
"15S_rRNA",1448,0
"15S_rRNA",1449,0
"15S_rRNA",1450,0
"15S_rRNA",1451,0
"15S_rRNA",1452,0
"15S_rRNA",1453,0
"15S_rRNA",1454,0
"15S_rRNA",1455,0
"15S_rRNA",1456,0
"15S_rRNA",1457,0
"15S_rRNA",1458,0
"15S_rRNA",1459,0
"15S_rRNA",1460,0
"15S_rRNA",1461,0
"15S_rRNA",1462,0
"15S_rRNA",1463,0
"15S_rRNA",1464,0
"15S_rRNA",1465,0
"15S_rRNA",1466,0
"15S_rRNA",1467,0
"15S_rRNA",1468,2.32192809489
"15S_rRNA",1469,0
"15S_rRNA",1470,0
"15S_rRNA",1471,0
"15S_rRNA",1472,1
"15S_rRNA",1473,0
"15S_rRNA",1474,0
"15S_rRNA",1475,2
"15S_rRNA",1476,0
"15S_rRNA",1477,0
"15S_rRNA",1478,0
"15S_rRNA",1479,0
"15S_rRNA",1480,0
"15S_rRNA",1481,0
"15S_rRNA",1482,0
"15S_rRNA",1483,0
"15S_rRNA",1484,0
"15S_rRNA",1485,0
"15S_rRNA",1486,0
"15S_rRNA",1487,0
"15S_rRNA",1488,0
"15S_rRNA",1489,0
"15S_rRNA",1490,0
"15S_rRNA",1491,0
"15S_rRNA",1492,0
"15S_rRNA",1493,0
"15S_rRNA",1494,0
"15S_rRNA",1495,0
"15S_rRNA",1496,0
"15S_rRNA",1497,0
"15S_rRNA",1498,0
"15S_rRNA",1499,0
"15S_rRNA",1500,0
"15S_rRNA",1501,0
"15S_rRNA",1502,0
"15S_rRNA",1503,0
"15S_rRNA",1504,0
"15S_rRNA",1505,0
"15S_rRNA",1506,0
"15S_rRNA",1507,0
"15S_rRNA",1508,0
"15S_rRNA",1509,0
"15S_rRNA",1510,0
"15S_rRNA",1511,0
"15S_rRNA",1512,0
"15S_rRNA",1513,0
"15S_rRNA",1514,0
"15S_rRNA",1515,0
"15S_rRNA",1516,0
"15S_rRNA",1517,0
"15S_rRNA",1518,0
"15S_rRNA",1519,0
"15S_rRNA",1520,0
"15S_rRNA",1521,0
"15S_rRNA",1522,0
"15S_rRNA",1523,0
"15S_rRNA",1524,0
"15S_rRNA",1525,0
"15S_rRNA",1526,0
"15S_rRNA",1527,0
"15S_rRNA",1528,0
"15S_rRNA",1529,0
"15S_rRNA",1530,0
"15S_rRNA",1531,0
"15S_rRNA",1532,0
"15S_rRNA",1533,0
"15S_rRNA",1534,0
"15S_rRNA",1535,0
"15S_rRNA",1536,0
"15S_rRNA",1537,0
"15S_rRNA",1538,0
"15S_rRNA",1539,0
"15S_rRNA",1540,0
"15S_rRNA",1541,0
"15S_rRNA",1542,0
"15S_rRNA",1543,0
"15S_rRNA",1544,0
"15S_rRNA",1545,0
"15S_rRNA",1546,0
"15S_rRNA",1547,0
"15S_rRNA",1548,0
"15S_rRNA",1549,0
"15S_rRNA",1550,0
"15S_rRNA",1551,0
"15S_rRNA",1552,0
"15S_rRNA",1553,0
"15S_rRNA",1554,0
"15S_rRNA",1555,0
"15S_rRNA",1556,0
"15S_rRNA",1557,0
"15S_rRNA",1558,0
"15S_rRNA",1559,0
"15S_rRNA",1560,0
"15S_rRNA",1561,0
"15S_rRNA",1562,0
"15S_rRNA",1563,0
"15S_rRNA",1564,0
"15S_rRNA",1565,0
"15S_rRNA",1566,1
"15S_rRNA",1567,0
"15S_rRNA",1568,0
"15S_rRNA",1569,0
"15S_rRNA",1570,0
"15S_rRNA",1571,1.58496250072
"15S_rRNA",1572,0
"15S_rRNA",1573,0
"15S_rRNA",1574,0.736965594166
"15S_rRNA",1575,0.678071905113
"15S_rRNA",1576,0
"15S_rRNA",1577,0
"15S_rRNA",1578,0
"15S_rRNA",1579,0
"15S_rRNA",1580,0
"15S_rRNA",1581,0
"15S_rRNA",1582,0
"15S_rRNA",1583,0
"15S_rRNA",1584,0
"15S_rRNA",1585,0
"15S_rRNA",1586,1.32192809489
"15S_rRNA",1587,0
"15S_rRNA",1588,0
"15S_rRNA",1589,0
"15S_rRNA",1590,0
"15S_rRNA",1591,0
"15S_rRNA",1592,0
"15S_rRNA",1593,0.584962500721
"15S_rRNA",1594,0
"15S_rRNA",1595,0
"15S_rRNA",1596,0
"15S_rRNA",1597,0
"15S_rRNA",1598,0
"15S_rRNA",1599,0
"15S_rRNA",1600,0
"15S_rRNA",1601,0
"15S_rRNA",1602,0
"15S_rRNA",1603,0
"15S_rRNA",1604,0
"15S_rRNA",1605,0
"15S_rRNA",1606,0
"15S_rRNA",1607,0
"15S_rRNA",1608,0
"15S_rRNA",1609,0
"15S_rRNA",1610,0
"15S_rRNA",1611,0
"15S_rRNA",1612,0
"15S_rRNA",1613,0
"15S_rRNA",1614,0
"15S_rRNA",1615,0
"15S_rRNA",1616,0
"15S_rRNA",1617,0
"15S_rRNA",1618,0
"15S_rRNA",1619,0
"15S_rRNA",1620,0
"15S_rRNA",1621,0
"15S_rRNA",1622,0
"15S_rRNA",1623,0
"15S_rRNA",1624,0
"15S_rRNA",1625,0
"15S_rRNA",1626,0
"15S_rRNA",1627,0
"15S_rRNA",1628,0
"15S_rRNA",1629,0
"15S_rRNA",1630,0
"15S_rRNA",1631,0
"15S_rRNA",1632,0
"15S_rRNA",1633,0
"15S_rRNA",1634,0
"15S_rRNA",1635,0
"15S_rRNA",1636,0
"15S_rRNA",1637,0
"15S_rRNA",1638,0
"15S_rRNA",1639,0
"15S_rRNA",1640,0
"15S_rRNA",1641,0
"15S_rRNA",1642,0
"15S_rRNA",1643,0
"15S_rRNA",1644,0
"15S_rRNA",1645,0
"15S_rRNA",1646,0
"15S_rRNA",1647,0
"15S_rRNA",1648,0
"15S_rRNA",1649,0
